bin,bin_low,bin_high,count,mean_pred,mean_true,diff
3,0.2,0.30000000000000004,14,0.27897022395584636,0.2857142857142857,-0.006744061758439335
4,0.30000000000000004,0.4,124,0.3570788588370407,0.3467741935483871,0.010304665288653592
5,0.4,0.5,147,0.45093039239977023,0.40816326530612246,0.04276712709364777
6,0.5,0.6000000000000001,152,0.5509963696890214,0.5723684210526315,-0.02137205136361009
7,0.6000000000000001,0.7000000000000001,131,0.6458306309350998,0.6106870229007634,0.03514360803433647
8,0.7000000000000001,0.8,11,0.7140966886862937,0.7272727272727273,-0.01317603858643357
